<?xml version="1.0" encoding="utf-8" ?> 
<screenplay xmlns="urn:screenplay">

	<event kind="user" id="pathsMovie" >
		<movie src="paths.xml" />
	</event>

	<event kind="user" id="textMovie" >
		<movie src="text.xml" />
	</event>

	<event kind="user" id="bitmapMovie" >
		<movie src="images.xml" />
	</event>
	
	<event kind="onLoad">
		<movie src="lines.xml" />
		<post delay="5" target="pathsMovie" />
		<post delay="10" target="textMovie" />
		<post delay="15" target="bitmapMovie" />
		<dump />
	</event>
</screenplay>
